{
  "eye": {
    "orientation": [
      0.046257615089416504,
      0.132358580827713,
      -0.1870027333498001,
      0.9723021388053894
    ],
    "magnitude": 0.5773502588272095,
    "position": [
      49.38835144042969,
      -27.259023666381836,
      191.87973022460938
    ]
  },
  "paths": [],
  "ortho": false,
  "radius": 100,
  "visualHints": 1
}