{
  "eye": {
    "orientation": [
      -0.0014171898365020752,
      -1.4916061445546802E-5,
      2.0687376672867686E-4,
      0.9999989867210388
    ],
    "magnitude": 0.5773502588272095,
    "position": [
      38.241214752197266,
      68.71869659423828,
      28.487693786621094
    ]
  },
  "paths": [],
  "ortho": false,
  "radius": 100,
  "visualHints": 1
}