{
  "eye": {
    "orientation": [
      -0.04099593684077263,
      0.10523514449596405,
      0.10192755609750748,
      0.9883601069450378
    ],
    "magnitude": 0.5773502588272095,
    "position": [
      49.91293716430664,
      24.26095962524414,
      241.54905700683594
    ]
  },
  "paths": [],
  "ortho": false,
  "radius": 100,
  "visualHints": 3
}