{
  "eye": {
    "orientation": [
      -0.22618888318538666,
      0.07923159748315811,
      0.05221951752901077,
      0.9694504141807556
    ],
    "magnitude": 0.5773502588272095,
    "position": [
      25.239519119262695,
      90.0632553100586,
      176.78125
    ]
  },
  "paths": [],
  "ortho": false,
  "radius": 100,
  "visualHints": 1
}