{
  "eye": {
    "orientation": [
      -0.6052492260932922,
      0.36538058519363403,
      0.04925727844238281,
      0.7055099010467529
    ],
    "magnitude": 0.5773502588272095,
    "position": [
      109.6419906616211,
      200.84043884277344,
      22.357629776000977
    ]
  },
  "paths": [],
  "ortho": false,
  "radius": 100,
  "visualHints": 1
}