{
  "eye": {
    "orientation": [
      -0.11792061477899551,
      -0.08947721123695374,
      0.460766464471817,
      0.8750901818275452
    ],
    "magnitude": 0.5773502588272095,
    "position": [
      -75.60582733154297,
      41.96055221557617,
      262.09246826171875
    ]
  },
  "paths": [],
  "ortho": false,
  "radius": 100,
  "visualHints": 3
}