{
  "eye": {
    "orientation": [
      -0.24331653118133545,
      -0.29568588733673096,
      -0.5187526941299438,
      0.7643706798553467
    ],
    "magnitude": 0.5773502588272095,
    "position": [
      -50.472843170166016,
      171.39260864257812,
      177.13572692871094
    ]
  },
  "paths": [],
  "ortho": false,
  "radius": 100,
  "visualHints": 0
}